customer_id,first_name,last_name,email,phone,city,state,created_at
1,Danielle,Johnson,john21@example.net,001-581-896-0013x3890,South Bridget,AS,2024-05-06 08:13:02
2,Katherine,Moore,jpeterson@example.org,001-851-316-1559x40781,Mariastad,OK,2020-12-17 02:51:18
3,Chad,Stanley,tracie31@example.com,575-425-5341x928,Grayside,IN,2023-06-04 02:32:05
4,Megan,Parsons,lydiatrujillo@example.com,513-695-3767x242,Hurstfurt,MN,2021-02-04 11:30:46
5,Whitney,Hicks,camposmichelle@example.org,+1-326-691-6697x8480,Danielchester,GA,2022-04-08 11:59:15
6,Stephanie,Liu,teresa28@example.org,+1-948-293-2528x8095,West Natashaport,IA,2020-04-15 18:30:44
7,Natalie,Arroyo,dennislisa@example.net,001-822-778-2489x63834,Lammouth,DE,2021-03-28 16:12:56
8,Caleb,Smith,briannasmith@example.net,+1-403-910-5183x4738,Port Thomas,MT,2020-12-13 16:31:26
9,Collin,Jordan,ujenkins@example.org,+1-610-965-1333x87262,Port Sandra,NV,2024-01-15 10:46:00
10,Melissa,Garcia,novaksara@example.org,(267)873-6026,Saramouth,LA,2022-02-11 09:52:48
11,Susan,Cowan,smoore@example.org,4982050097,Port Jacobland,TX,2024-04-22 16:21:52
12,Richard,David,bethwilliams@example.org,(799)385-4353x46247,South Christineshire,CT,2020-05-13 18:34:40
13,Jason,Baker,nicole35@example.com,(378)449-8084,Darrellville,WA,2022-10-07 04:28:22
14,Joseph,Jacobs,james48@example.com,801-264-0052x427,North Sierraberg,ND,2020-03-06 18:53:49
15,Mike,Tran,tanderson@example.com,4535315869,Port Lisa,FM,2022-01-22 20:23:24
16,Harry,Middleton,vpham@example.org,521-260-7337x543,South Mark,VI,2020-05-06 18:17:42
17,Kerri,Bell,ifrazier@example.com,8147294019,Samuelhaven,DE,2021-12-04 08:48:16
18,Barbara,Scott,zsmith@example.net,+1-835-661-5951x48465,East Robert,MS,2023-05-21 18:46:53
19,Raven,Gilbert,richard04@example.com,969.495.7773,West Zacharymouth,CO,2024-02-03 10:35:23
20,Karen,Chambers,lindsayhernandez@example.org,979.817.6936,East Diana,AL,2024-06-17 23:55:27
21,Michelle,Mcclure,zrobinson@example.net,870.983.1727x88957,Lake Michelle,NV,2021-04-18 06:48:37
22,John,Walsh,rsims@example.com,443-545-5812,Bensonborough,CA,2022-01-27 13:10:14
23,Mark,Owens,clarkrobert@example.net,001-509-967-0546x688,West Ryan,AK,2021-12-11 01:16:41
24,Elizabeth,Yates,marycalhoun@example.net,+1-906-499-0162,West Nicholasborough,NH,2021-08-19 19:41:25
25,Kathleen,Gray,fking@example.com,5802531003,East David,TN,2020-07-27 21:00:11
26,Stacie,Marshall,katie29@example.net,001-512-341-9049x6631,Melissaville,WY,2024-12-01 11:59:41
27,Kimberly,Reed,estanley@example.net,+1-650-967-1657x2628,Grahamshire,KY,2021-08-11 12:40:33
28,John,Michael,nicole37@example.net,+1-665-607-5273x545,New Stacyland,IA,2023-08-07 20:33:07
29,Tracy,Chang,fbrewer@example.com,9147363495,Barajasside,MA,2021-10-04 09:44:40
30,Shawn,Parker,davidlee@example.org,001-682-533-7498x9413,Harrytown,VT,2022-09-02 07:56:10
31,Joshua,Mccann,heidi27@example.org,6949777520,Port Cameronfort,CA,2022-11-19 15:22:30
32,Glenda,Hernandez,christopher31@example.net,001-269-399-3867x74964,Lake Jason,TN,2020-05-28 05:57:34
33,John,Arnold,aaronhayes@example.net,340.534.4713x4936,West Margaret,CA,2020-04-18 21:34:38
34,Laura,Larson,scott74@example.net,(248)387-7190x6594,Lake Mary,OK,2022-12-08 02:04:31
35,Andrew,Hubbard,barbara27@example.net,+1-374-429-6717x5655,Robertfort,LA,2023-04-24 21:03:39
36,Richard,Hodges,gibsonleonard@example.com,768-908-7603,Wolfborough,KY,2022-09-29 21:00:05
37,Sara,Kim,omartinez@example.net,324.980.8613,Lake Marilynfort,VT,2021-06-16 22:32:27
38,Janice,Perry,pbaird@example.com,+1-826-739-8214,Loriport,VA,2021-06-29 03:54:41
39,Brenda,Duarte,cgrimes@example.net,855.288.6753x3963,Juliefurt,MS,2024-12-09 20:15:18
40,Laura,Pearson,tylerjohnson@example.net,001-851-471-8702,South Kimberlyview,MA,2023-02-12 01:43:11
41,Raymond,Miller,melissa86@example.com,+1-978-409-1343x1611,Rebeccaton,MD,2023-12-24 18:11:28
42,Kelly,Brooks,johnjenkins@example.net,(422)519-6937,Littlemouth,KS,2023-05-02 15:37:39
43,Rachel,Marshall,erica21@example.com,(894)764-7436x713,Victoriaport,AK,2024-11-20 17:26:20
44,Dominique,Hill,lozanojulie@example.com,001-739-453-3942x10470,West Markchester,HI,2021-01-01 15:37:51
45,Kristin,Walter,alyssa42@example.com,245.617.1236x8516,South Miguelview,OR,2021-11-26 18:03:41
46,Danielle,Watson,thomasharvey@example.net,393-517-4612x00471,South Shawn,TN,2024-09-29 13:39:46
47,Heather,Fernandez,nicolepena@example.com,+1-764-205-3773x515,Hillville,PR,2024-02-13 23:20:59
48,Christopher,Lewis,williamsmatthew@example.org,001-431-283-9335,Micheleberg,DC,2022-09-13 10:24:07
49,Lauren,Rodriguez,andersonmichael@example.org,001-350-324-0268,Weststad,NY,2022-12-20 00:49:10
50,Shannon,Walker,acostaregina@example.net,447.300.7661x77115,West Claudia,OR,2022-09-28 07:10:20
51,Mark,Vang,shawn96@example.org,001-318-736-7365x766,Edwardsview,MN,2024-10-07 06:14:18
52,Gloria,Wells,deckerchristopher@example.org,001-252-680-9885x1656,Michaelshire,NY,2021-01-23 11:03:55
53,Diane,Walker,bellangela@example.org,001-649-636-8998x09402,Michaelburgh,VI,2020-09-18 13:51:11
54,Diane,Jones,davisalyssa@example.com,(275)325-4599x10229,Scottchester,NM,2023-01-13 12:29:56
55,Robert,Lewis,reeddaniel@example.net,+1-497-684-0369x00343,Marktown,NM,2023-09-26 01:08:49
56,Gregory,James,vincentwhitaker@example.com,860-860-7159,Robertsfurt,AK,2024-10-30 06:44:06
57,George,Meza,xcollier@example.org,(313)369-6816x45352,Port Michael,VA,2024-10-15 17:10:48
58,Debbie,Hernandez,thomasjames@example.net,(712)777-9979,South Carlos,NV,2023-02-26 21:49:17
59,Laura,Vargas,william47@example.com,8059411998,South Reginashire,SD,2020-12-09 17:24:22
60,Cassidy,Mason,hayeslisa@example.com,001-718-720-3778x892,Paulmouth,TX,2022-12-27 17:45:00
61,Kristina,Holland,riveraangela@example.com,349-625-1925x4629,Schneidermouth,GU,2020-08-21 08:26:02
62,Jacqueline,Valentine,lucasrodney@example.com,4544235733,West Meganville,NY,2023-11-08 14:48:49
63,Mary,Stephenson,stanleynancy@example.net,(296)822-2927,Ericabury,NV,2023-01-19 22:44:01
64,Karen,Bowers,amandacollins@example.com,859.477.4688,Port Cassandra,VI,2021-04-01 12:08:26
65,Danielle,Sawyer,dawsonzachary@example.org,812-247-8261x3750,Shawbury,MS,2024-12-21 00:04:44
66,Nicholas,Johnson,combsdebra@example.org,(304)272-7790,Jasonberg,OH,2024-09-12 20:27:43
67,Chelsea,Henderson,john10@example.org,(897)211-7980x89324,Johnchester,HI,2023-04-28 03:24:28
68,Christopher,Villegas,ashleyamy@example.net,+1-706-370-6540,Johnville,WI,2022-11-28 13:19:52
69,Katherine,Anderson,amy27@example.net,822.917.0430x3054,Benjaminborough,LA,2021-10-13 20:02:10
70,Kimberly,Glenn,joshua56@example.com,001-876-452-7758x4161,Manuelland,MD,2023-04-21 20:07:26
71,Kirk,Morrison,cjackson@example.com,205.496.4016x582,Johnsonland,IA,2023-11-22 13:39:27
72,Michael,Reyes,jacobserika@example.com,(271)492-8565x431,Holmesside,DE,2021-04-23 00:06:03
73,Jorge,Griffin,heather73@example.org,(617)627-1551,Lake Jenna,UT,2023-03-10 10:33:56
74,Laura,Hicks,gallowaylaura@example.org,805.989.5782x9114,Hammondshire,CA,2020-08-16 20:19:15
75,Logan,Jones,wfrazier@example.org,001-789-522-6801x82422,Staceyhaven,MH,2021-06-02 16:07:59
76,Christian,Gonzalez,david49@example.net,782-299-2299,North Brandonshire,KS,2023-04-03 23:07:12
77,Katie,Butler,jimenezcourtney@example.com,+1-947-536-4710x2767,Catherinemouth,VI,2023-08-04 17:32:06
78,Jessica,Valencia,xanderson@example.net,+1-415-337-1473,West Soniachester,IA,2024-10-23 20:44:41
79,Rachel,Li,james27@example.net,774.270.1687x339,West Troyfort,LA,2022-09-06 23:56:07
80,Melanie,Jordan,jessica65@example.org,(609)383-5841x6878,North Phillip,WY,2024-12-06 20:58:57
81,Angela,Diaz,jameshicks@example.net,4007257872,Franciscoport,OR,2021-09-06 05:13:48
82,Maria,Patel,thomas05@example.com,+1-916-494-0974x99309,Hernandezbury,AZ,2022-11-11 12:19:10
83,Jackie,Lee,jedwards@example.com,001-936-889-7028x385,Suemouth,PW,2022-08-31 11:45:37
84,Amy,Lowe,chelsea33@example.com,+1-743-644-3757,Davidside,MS,2024-06-23 15:48:23
85,Ralph,Reed,kellyroberts@example.net,657-447-3384,New Joycebury,IA,2020-04-02 16:44:39
86,Rebecca,Perez,briangutierrez@example.net,212.308.2677x3454,New Joanne,PR,2024-09-06 08:35:56
87,Robin,Thompson,sarahjohnson@example.com,924.400.4991x5478,Nelsonville,MA,2020-10-23 17:08:54
88,Stephen,Scott,alexisrogers@example.com,001-832-396-6851,East Thomas,IA,2020-01-13 11:19:23
89,Patrick,Griffin,stephanie49@example.net,001-404-853-0174,Hannahport,MN,2023-01-27 07:20:44
90,Jeffrey,Anderson,spencerzhang@example.com,(387)283-3918x78519,New Amanda,GA,2021-08-22 03:25:38
91,Abigail,Wilson,jenniferburns@example.net,207.828.6790x874,Lisaborough,OR,2020-05-13 08:26:45
92,Rodney,Graves,michaelcesar@example.com,8468226567,Lake Tamaraside,DC,2023-04-08 08:28:41
93,Michael,White,urice@example.org,5049786863,Ericborough,FM,2023-08-16 21:26:57
94,Daniel,Pacheco,bmendez@example.org,211.890.7903,Youngborough,WV,2024-04-26 04:06:50
95,Brian,Gordon,jim95@example.net,+1-453-842-8364x408,Williamsstad,SD,2023-05-10 20:54:53
96,Kristi,Flores,trussell@example.com,(887)833-4270,South John,IL,2021-08-26 01:26:43
97,Christian,Cole,christopher30@example.com,(299)501-3983x7354,Lake David,WV,2022-05-24 12:13:42
98,John,Munoz,randyallen@example.com,001-746-578-5445x87717,Lawrenceton,OK,2024-04-26 19:39:14
99,Joyce,Smith,mphillips@example.com,969.937.8547,Lake Laura,GA,2020-09-12 13:32:33
100,Amy,White,warrenmary@example.org,+1-900-962-3120x38750,North Amandachester,AL,2020-01-31 13:00:24
101,Jennifer,Nichols,andre62@example.org,682-833-9845,West Susanmouth,OK,2021-03-20 02:20:33
102,Heidi,Evans,valdezmichele@example.org,366-968-7002,Newmanmouth,OK,2024-11-19 14:28:33
103,Terri,Jacobson,hallrachel@example.net,001-474-701-4890,East Brendafurt,CA,2021-06-30 11:30:37
104,Anne,Knight,irhodes@example.com,(821)785-0163x1599,Lake Joshuamouth,NM,2021-02-20 13:56:12
105,Angela,Bennett,eringuerrero@example.org,001-394-231-1426x26551,Seanview,CT,2020-08-29 22:59:13
106,Jacob,Cole,fgarcia@example.com,+1-819-395-6046,New Adriana,TX,2021-11-26 05:12:00
107,Dominic,Turner,kthomas@example.com,964-371-5437x993,West Adam,MO,2021-08-29 15:05:14
108,Christine,Brock,scott69@example.org,759-837-5265x4793,Lisafurt,MN,2020-07-26 23:01:11
109,Anne,Vargas,erinpierce@example.net,837.841.6724x342,South Vickifort,OR,2022-01-01 20:52:57
110,William,Knapp,ystephens@example.com,001-789-811-3529x096,North Coreybury,NY,2023-09-25 18:05:13
111,Angela,Watts,seanmyers@example.net,001-382-350-7146,West Larry,NH,2023-12-03 01:50:54
112,Adriana,Bailey,kimheather@example.com,440-410-5123,Anitamouth,IN,2023-12-27 16:50:58
113,Crystal,Lopez,vfoster@example.net,379.366.0334,West Mark,NH,2020-07-27 01:57:45
114,Emily,Burns,candice96@example.net,355-479-2499,Davidport,DE,2020-11-30 05:44:34
115,Heather,Dixon,kcarlson@example.com,(227)782-8274x22579,South Derrickfurt,OH,2022-07-11 22:18:56
116,Troy,Cohen,cmckinney@example.com,(619)403-4043,Cunninghamfort,OH,2022-07-21 17:33:40
117,Ashley,Adams,amber07@example.net,361.934.0745,Port Lisaborough,AS,2023-09-08 21:09:04
118,Hannah,Callahan,imartin@example.org,709.658.4982,Ashleyhaven,MH,2023-05-25 09:36:47
119,Cody,Estes,rsellers@example.net,(623)825-3672,Hayesland,MO,2022-07-30 12:14:41
120,Joshua,Mayer,shawn75@example.net,5179518636,Marcusport,MA,2022-09-26 09:20:12
121,David,Phelps,patricia00@example.org,+1-670-312-7706x3242,Johnstad,TN,2024-07-08 08:08:34
122,Gabriel,Sanders,jessica36@example.net,910-237-1293,Lake Matthewville,VI,2022-02-10 03:29:09
123,David,Jones,zdavis@example.org,255-442-6221,Bellborough,SC,2023-09-28 08:08:00
124,Samantha,Jensen,fheath@example.org,(619)365-6523,New Carolyn,VA,2023-01-14 11:09:35
125,Kimberly,Vaughn,jamie98@example.org,001-264-703-7613x7918,Davidshire,MT,2021-10-29 05:50:08
126,Felicia,Farmer,smithcarlos@example.com,800.368.4866,West Christopher,CO,2022-07-22 15:25:01
127,James,Morton,peter14@example.net,(230)431-6179x90421,East Tylerstad,NC,2022-08-02 10:46:25
128,Lynn,Green,david41@example.org,464-781-4917x78507,West Kerri,MH,2022-11-13 23:07:58
129,Jennifer,Perez,williamsmichelle@example.org,5757622086,South Ruth,MD,2021-05-10 07:36:31
130,Christian,Watson,whitelinda@example.org,(617)544-5187x0534,Richardsonfort,WI,2023-11-17 18:25:34
131,Jessica,Payne,edwardrandolph@example.org,585.505.0641,Vasquezton,FL,2023-07-23 11:27:28
132,Christopher,Morse,xhaynes@example.com,001-519-618-2619x9062,Melissafurt,UT,2024-02-28 01:10:42
133,Mark,Chavez,charlesharris@example.net,721-527-7561,Parkerview,PR,2020-08-06 23:05:30
134,Eric,Parks,lewismelissa@example.org,235-868-0442,Hawkinsside,IA,2020-06-21 23:14:25
135,Curtis,Leon,smithmaria@example.org,(236)351-9941,Lake Scott,DC,2020-06-16 22:52:18
136,Melanie,Lamb,williamssteven@example.org,001-566-470-6625,Joshuaberg,AZ,2023-01-26 08:36:23
137,Christina,Holland,jjenkins@example.com,2148626383,Timothyfort,MI,2024-07-24 13:09:27
138,Wayne,Price,anthonyharper@example.org,001-240-578-5932x13348,Kellyburgh,HI,2021-03-07 22:37:00
139,Louis,Rojas,robin05@example.net,001-229-337-8427,East Carolyntown,NC,2022-05-22 19:23:21
140,Martin,Mendez,matthewthompson@example.com,7028921851,West Kevinberg,GA,2023-08-30 06:35:42
141,Samuel,Fowler,lbanks@example.net,+1-495-439-2644,Lake Stacyfurt,PR,2024-12-20 13:27:50
142,Tammy,Johnson,samantha93@example.net,001-417-325-1355,Seanview,IL,2021-03-31 15:52:43
143,Carlos,Scott,lebrandon@example.com,001-462-967-6586x1793,Port Meganport,AK,2021-08-04 23:26:59
144,Stephanie,Jones,pamelamartin@example.org,+1-815-499-7062,North Markborough,MT,2023-06-27 01:56:54
145,Jennifer,Blair,donna43@example.org,8693872050,Madisonfort,ID,2020-06-26 02:21:13
146,Jamie,Little,wellsdarrell@example.com,674.918.6256x5270,Bakerview,OK,2020-04-22 13:17:01
147,Karen,Contreras,barnettlindsey@example.com,001-393-880-6868x79374,New Ashleyhaven,AS,2022-11-09 12:46:35
148,Tonya,Hernandez,kthompson@example.org,620.761.6329,North Paulfurt,OH,2021-08-18 12:10:52
149,Joshua,Ellis,buchanancindy@example.net,(716)822-9991x19148,Patrickfort,OK,2023-01-16 23:09:26
150,Benjamin,Hill,christinebecker@example.com,7656307450,Juanfort,PR,2023-06-25 05:31:01
151,Corey,Melton,kevinmanning@example.com,469-313-7367x850,Jennafurt,DC,2023-11-26 05:21:07
152,Alice,Carroll,jameswhitaker@example.org,807.305.3457,East Nathanmouth,HI,2024-10-19 21:50:42
153,Thomas,Arnold,frank41@example.com,6608293333,Port Kimberlytown,NJ,2024-07-22 10:15:09
154,Deborah,Burke,walkercharlene@example.com,001-846-365-7437x489,New Yvonnestad,OH,2023-03-28 01:07:15
155,Chelsea,Evans,olsonmatthew@example.com,+1-454-244-3283x0965,Brightview,PW,2022-02-03 07:13:21
156,Paul,Johnson,matthewreeves@example.net,+1-375-984-2824,Lake Jonathan,AS,2022-10-17 19:00:11
157,Rita,Arroyo,destiny35@example.org,001-346-955-4947x1709,New David,TX,2021-11-27 22:16:18
158,Kenneth,Brown,derrickgonzalez@example.com,001-772-252-1752,South Joshuaburgh,OK,2023-10-27 22:44:06
159,Tracy,Gallagher,andersonryan@example.com,(267)260-0835x0583,East Heather,MI,2021-07-23 21:07:52
160,Curtis,Gordon,gary04@example.com,889.285.6257x532,East Jessica,DC,2021-01-20 15:12:02
161,Andrew,Wagner,richardsondebra@example.org,(848)390-9010x0167,Thomasberg,IL,2023-06-23 10:05:43
162,Crystal,Turner,batesjoseph@example.net,001-526-618-9141x173,West Jade,LA,2020-10-19 20:12:45
163,Amy,Lozano,arivera@example.org,+1-611-997-2181x14374,North Lisaton,PR,2021-06-14 13:48:57
164,Laurie,Edwards,daviskatherine@example.org,7227557941,North Richard,NH,2021-05-11 08:48:48
165,Paul,Jefferson,zbanks@example.org,920-421-6979,Maxwelltown,VI,2023-06-03 19:57:22
166,Mary,Mcpherson,timothyfreeman@example.com,301.845.0899x358,South Michael,TX,2023-03-17 04:54:31
167,Edgar,Serrano,smithsarah@example.net,872.817.5354x0838,North Stephen,AS,2022-11-12 08:40:58
168,Christopher,Jimenez,david70@example.org,(960)788-0199x4883,Marciabury,PR,2022-04-09 20:15:15
169,Ann,Harvey,xmoran@example.net,211.430.5548x851,Taylorchester,CT,2021-04-09 07:58:29
170,James,Martinez,ylewis@example.org,001-951-260-9177x982,New Savannahshire,NJ,2024-08-14 21:37:45
171,Kimberly,Kent,jessicaanderson@example.com,+1-499-458-6693x46547,Morrisonhaven,ME,2024-03-19 10:53:37
172,Amy,Edwards,jamesweber@example.com,+1-652-828-8515x87996,New Danielfurt,FL,2020-04-06 21:31:13
173,Brian,Adams,tonyavega@example.org,5438805719,New Kristen,AS,2023-06-25 03:08:06
174,Heather,Williams,yhughes@example.net,580-604-3973x59893,Thompsonland,HI,2024-10-23 11:30:55
175,Jill,Wilson,pattersonangela@example.org,(794)205-7202,Tracyshire,OH,2021-10-15 20:44:34
176,Kristen,Stewart,susanmeyer@example.net,(768)786-1533,Kellyhaven,NJ,2024-12-24 20:21:38
177,Madison,Zavala,wilsonmichael@example.org,+1-799-930-5616x4840,Williamsborough,MD,2022-07-27 08:55:16
178,Stacy,Jackson,simsjason@example.net,001-336-213-8612x07501,Port Johnathan,CA,2022-11-15 21:08:51
179,Jeremy,Green,zhayes@example.com,606-618-0919x01581,West Kathymouth,MS,2021-12-22 11:26:36
180,Donna,Wells,derekmyers@example.net,824-350-8821x0099,Jasonstad,IL,2022-01-23 12:10:14
181,Debbie,Hunt,jackjensen@example.com,612.390.8781,Coreyshire,NM,2024-10-03 12:17:05
182,Michael,Lambert,craigharvey@example.org,277-759-4929x95562,Port Jeffrey,WA,2023-03-16 04:06:30
183,Joshua,Ward,natalie77@example.com,001-347-281-2914x28341,Port Bonniefurt,WI,2022-12-13 09:45:04
184,Rebecca,Arnold,jvaldez@example.com,(539)442-7881x6580,South Erik,OK,2024-09-28 08:20:50
185,Donna,Faulkner,ccrosby@example.org,001-273-214-5303x85677,Dakotahaven,SC,2024-02-23 22:27:25
186,Mary,Baker,nicholasgray@example.net,+1-218-446-3865x5779,Martinland,NY,2023-03-20 23:44:10
187,Jason,Lopez,carolyn13@example.com,417-477-3926x03029,New Dylanburgh,KS,2024-08-11 09:18:41
188,Zachary,Sullivan,johnsjessica@example.com,437-497-7236,Garymouth,NH,2022-12-25 06:28:41
189,Casey,Gray,danielharris@example.net,+1-962-491-2799x08811,Port Erikachester,NC,2022-02-07 04:03:23
190,Nancy,Wolfe,zperez@example.com,001-865-699-1624x73149,North Jenna,WY,2020-01-13 23:46:02
191,Alexandra,Meyer,spena@example.com,(851)526-9448x69594,Arnoldside,NJ,2020-11-22 08:12:27
192,Angie,Webb,becky62@example.net,237-421-3865,Oconnelltown,AS,2020-06-15 07:51:58
193,Dustin,Frost,qdavis@example.org,(919)906-6984x902,East Melissahaven,LA,2020-12-21 14:34:13
194,Kristen,Dixon,christinacraig@example.com,502.214.6566,North Andreaside,PW,2022-11-30 10:25:48
195,Michael,Ochoa,catherinelee@example.com,001-604-726-8181,Port Williamview,FM,2022-09-09 05:04:41
196,Laura,Wright,kchurch@example.com,001-735-877-9071x41633,Zacharytown,UT,2024-02-28 13:19:36
197,John,Davis,charles27@example.com,(539)542-3733x343,Port Christine,FL,2023-11-23 08:11:59
198,David,Miller,waustin@example.net,4756957947,Walkershire,DC,2020-04-08 20:59:22
199,Lauren,Mendoza,shawphillip@example.net,001-727-618-7500x36915,New Jose,KY,2022-05-10 16:14:21
200,Christie,Diaz,acoleman@example.net,001-855-864-7292x93143,East Lauren,WA,2020-09-30 01:47:38
201,Linda,Thompson,otaylor@example.net,+1-357-444-8906,East Lisafort,MP,2023-02-24 03:04:53
202,Shannon,Cook,michael84@example.com,4616593998,Markhaven,NM,2023-11-15 16:23:49
203,Sergio,Miller,steven22@example.net,869-696-1125x35544,Normanstad,WA,2022-12-07 17:10:19
204,Tammy,Gutierrez,melissamartinez@example.org,+1-341-332-6111x78006,Christineland,SD,2024-08-28 01:58:54
205,Peter,Perez,scott22@example.net,(900)455-7784,New Carla,SC,2023-09-29 12:18:07
206,Natalie,Graham,regina78@example.org,274-456-4240,Justinside,AL,2023-06-09 20:49:51
207,Travis,Campos,albert64@example.net,508.453.6866,Claytonbury,KS,2020-05-24 15:17:14
208,Colleen,Black,justin84@example.com,612.924.1797,West Andrew,AR,2024-11-05 16:50:36
209,Andrew,Compton,joseph70@example.org,720-973-5647,West Christopherberg,AR,2021-05-01 15:15:10
210,Philip,Daniels,jamesskinner@example.com,3135673037,Priceport,MD,2020-10-16 14:59:15
211,Jessica,Garner,kingdanielle@example.org,(803)513-6502x491,North Biancafort,UT,2022-12-24 16:24:25
212,Nathan,Davis,vincentparks@example.com,001-500-252-8127x35857,Howardberg,KS,2024-06-28 23:00:33
213,Todd,Kim,amy73@example.net,(385)457-4982,Phillipsview,ND,2021-11-01 08:20:50
214,Aaron,Little,bgross@example.net,(693)751-8638x782,Davidsonville,CT,2022-08-13 08:44:25
215,Carl,Conley,gregoryjohnson@example.org,531.309.6789x9405,East Dianaland,NH,2024-01-02 15:53:53
216,Bruce,Grant,yshort@example.net,3943801413,New Paul,ID,2022-08-18 19:50:20
217,John,Garrett,angelagrant@example.net,895-776-1228,New Yesenia,NV,2024-08-31 14:34:44
218,Rachel,Pierce,megan66@example.net,293-698-3684x57760,New Derekport,AL,2021-07-02 09:50:07
219,Jeffrey,Foley,ingramsherry@example.com,+1-788-499-2107,West Michael,OR,2021-04-01 05:43:44
220,Jonathan,Evans,ncarroll@example.net,257-827-9194,Port Brianmouth,MI,2024-05-25 12:01:35
221,Ryan,Conrad,kanejeremy@example.net,+1-506-404-8058x925,Lake Jessicafurt,NV,2023-10-06 16:28:08
222,Barbara,Davis,zroberts@example.org,(351)879-0864,Ayalaberg,WV,2020-09-03 06:34:34
223,Anita,Freeman,annshea@example.net,831.846.5911,Michaelmouth,MI,2022-12-20 10:04:19
224,Andrew,Torres,christina79@example.org,603.235.2110x392,Heatherville,ME,2022-04-01 19:29:53
225,Andrew,Clark,jamesmills@example.com,+1-679-420-6980,West Jamesview,AR,2022-04-29 00:26:34
226,Sierra,Jones,elizabeth51@example.org,963-268-1579x8123,East Sandraport,MA,2022-06-13 14:49:01
227,Julie,Smith,michael43@example.net,304-860-8432x562,South John,FL,2022-02-17 17:24:07
228,Larry,Jacobs,ndaniels@example.net,(498)432-4826,Carlosside,VA,2020-08-04 04:12:16
229,Lonnie,Hobbs,cannonnicole@example.com,(547)542-3122x09949,Lake Anthony,CO,2023-06-10 13:06:13
230,Thomas,Shaw,xjoseph@example.org,(577)522-3306x0463,East Saramouth,VI,2023-01-31 18:00:33
231,Hailey,Delacruz,ronaldparsons@example.net,001-965-269-9988x0817,New Amanda,WA,2020-03-12 16:09:47
232,Paul,Hubbard,leescott@example.com,001-347-426-4908x27718,South Robert,NV,2020-02-15 11:44:54
233,Shawn,Mosley,nicoledavis@example.com,001-421-811-7518x689,Williamsburgh,PW,2021-09-04 01:30:14
234,Monica,Huffman,mistywhite@example.net,5642474212,Alexanderfort,PR,2022-06-29 12:29:51
235,Lindsey,Franklin,lyoung@example.net,576.271.9903x8498,East Brian,MI,2020-03-08 01:15:48
236,Melissa,Estrada,mark10@example.org,(622)749-9982x79501,Priscillaland,WV,2022-02-19 07:02:23
237,Andrea,Carter,davidvillarreal@example.com,868.733.9019x81794,Aliciastad,DC,2023-01-26 16:38:38
238,Tyler,Daniel,lvasquez@example.net,843.801.0713,West Michaelborough,AL,2023-03-15 18:27:24
239,Hannah,King,parkerwilliam@example.com,001-901-255-6990x23557,South Eric,NH,2024-06-16 21:33:50
240,Amanda,Rogers,dreilly@example.net,295-788-0395x5124,Simsburgh,OK,2023-01-10 23:43:07
241,Jacob,Wilson,janet50@example.com,(517)335-7438x42150,Hunterfort,MH,2022-07-02 02:22:48
242,James,Mclean,kimberly21@example.net,+1-923-207-6810x40915,New Katieport,AK,2022-11-20 14:58:55
243,Larry,Mcclain,james44@example.net,771-742-2410x98813,Donaldport,OK,2021-03-23 01:12:50
244,Charles,Austin,amber02@example.org,701.660.1662x9979,Lisaside,CO,2024-11-12 22:38:06
245,Katelyn,Owens,christopherlang@example.net,817.447.7332x945,Kristinamouth,NH,2022-06-09 04:29:42
246,Cameron,Rodriguez,kmurray@example.com,001-959-892-8161x58148,Allenbury,OH,2020-10-17 08:54:18
247,Timothy,Jones,lisagarza@example.com,001-958-732-1971,Port Seanport,MO,2020-05-07 02:29:05
248,Daniel,Cervantes,pmurphy@example.net,6138290227,Gonzalezmouth,ME,2022-11-07 07:47:35
249,Robin,Torres,wrobbins@example.org,001-209-286-2405,Danielport,VI,2020-02-26 22:38:24
250,Ryan,Lawrence,jennifer66@example.com,+1-832-472-3865,Whitneyberg,DC,2020-01-22 04:28:44
251,Deborah,Thomas,ibarrett@example.org,(867)996-9278,Kellyburgh,NE,2023-01-08 22:49:06
252,Becky,Bradford,jenniferadams@example.net,001-950-309-7519,Lake Jessica,PR,2024-12-01 04:16:58
253,Kimberly,Marshall,millschelsea@example.org,918.794.9058x0778,Gomezport,LA,2020-11-01 20:52:39
254,Heather,Harper,jessica94@example.org,+1-379-629-0490x4712,Davidview,KY,2024-04-15 10:47:08
255,Alexis,Rodriguez,reneestevenson@example.net,452.943.7280x512,Townsendbury,TN,2022-03-14 18:40:04
256,Dana,Clark,brian41@example.org,(876)974-7836,Dustinchester,AL,2021-06-11 08:01:49
257,Laura,Reyes,suzanne01@example.net,+1-556-594-5441x4967,Ericaburgh,MD,2022-09-26 22:34:21
258,Emily,Decker,jenkinsalicia@example.net,553.344.3009x109,North Melissaberg,MS,2023-04-13 13:50:17
259,Rachel,Knight,pauladominguez@example.com,871-774-6542x1406,West Stephanieview,HI,2022-03-15 11:45:05
260,Travis,Mcfarland,fwhite@example.org,(286)339-1741,New Jessicamouth,AK,2024-06-25 00:45:32
261,Eduardo,Bowman,ortegajoseph@example.net,969-308-7766x18306,Mathewport,MO,2020-04-10 18:51:04
262,Wendy,Holland,amanda51@example.com,001-943-528-0634x61571,North James,VA,2024-12-24 09:30:47
263,John,Price,victor70@example.org,205-406-1387x82931,Valdezfort,PW,2024-08-03 07:16:04
264,Brandon,Haynes,alexischen@example.com,579-329-1117,South Matthew,MP,2024-11-28 11:36:54
265,Erika,Nguyen,marcoconnell@example.org,001-909-525-1142x62582,East Craigfurt,WI,2020-10-15 01:23:47
266,Nichole,Miller,whitechristopher@example.net,001-946-872-3248,East Cheryl,AZ,2022-12-24 19:01:22
267,Jennifer,Salazar,burtonkimberly@example.com,(508)633-1819x58837,East Danielberg,TX,2024-03-20 17:53:20
268,Rhonda,Jimenez,elizabethwilliams@example.net,(443)464-5970x108,South Zacharyland,MH,2021-03-05 15:46:47
269,Sean,Riley,rgonzalez@example.com,515.331.3636,Richardston,FM,2022-03-06 21:21:01
270,Javier,Lynch,paultaylor@example.net,654.435.2090,Port Stevenchester,GA,2023-10-20 09:07:18
271,Jeffrey,Phillips,kristinelittle@example.net,(998)931-6873,Alexischester,WA,2024-05-12 08:45:19
272,John,Hamilton,patriciavargas@example.org,001-806-900-7806,South Tylerland,OH,2023-10-07 02:55:14
273,Heather,Russell,davidphillips@example.net,907-942-7990,Port Jacqueline,HI,2023-12-13 06:46:05
274,Mitchell,Marshall,daltonchad@example.net,780-246-4989x31950,South Michaelton,MN,2021-10-31 02:33:34
275,Deborah,Bush,devonrogers@example.net,879-633-5548,North Nathanmouth,NM,2022-07-04 15:32:56
276,Maria,Harrison,shannon51@example.org,911.462.4112x412,New Stephanie,AK,2021-06-19 07:51:27
277,Tara,Weaver,thomasfisher@example.net,+1-904-931-0385x6955,Torresberg,MH,2023-12-12 08:23:53
278,George,Green,swatson@example.org,(454)472-9284,East John,AZ,2024-12-19 15:06:34
279,Autumn,Alexander,jack80@example.net,952-757-8284x10672,North Tara,ND,2024-11-16 10:44:23
280,Mark,Thornton,wkemp@example.net,+1-529-975-1702x81406,Christopherton,PA,2023-03-17 00:53:08
281,Brandy,Walker,james18@example.com,+1-818-763-7599x80562,Watsonport,MI,2021-10-03 13:46:58
282,Tiffany,Sawyer,lewispamela@example.net,(774)326-6299x12347,Davischester,SC,2024-07-27 17:07:32
283,Robert,Peters,jamescollier@example.com,+1-570-249-4787,East Josefort,DE,2023-04-08 20:41:58
284,Patricia,Butler,pknox@example.org,8146719597,Mccannville,MN,2022-07-24 20:56:01
285,Barbara,Bruce,bonniethomas@example.com,001-325-520-4565x044,Port Cody,WV,2020-11-01 04:33:52
286,Marcus,Stewart,joseph51@example.net,001-852-702-8457,North Jeffery,NY,2021-02-07 18:04:41
287,Jacob,Prince,butlersabrina@example.org,(707)454-5279,Anthonyville,IN,2020-08-23 00:46:59
288,Heather,Watts,david21@example.com,001-211-907-6031x089,West Bradleyport,TN,2020-01-19 18:10:39
289,Colin,Martinez,brianagonzalez@example.net,(301)324-9552x893,New Jayborough,LA,2020-11-09 15:48:00
290,Karen,Smith,glasssamantha@example.net,859.327.1256x6383,Davidville,NC,2020-09-05 04:13:25
291,Kathryn,Bush,millertristan@example.com,779-447-3864x6317,Lake Travisville,MO,2022-03-10 21:28:08
292,Donna,Miller,ralphneal@example.org,001-621-653-5396x1367,Kellyfurt,NM,2022-07-22 20:13:46
293,Dylan,Gibson,kingtyler@example.net,(701)401-7026,Christyville,WV,2020-05-19 17:17:32
294,Karen,Saunders,qharris@example.com,784.885.8800x6167,Stevenston,HI,2022-10-13 11:21:17
295,Michelle,Turner,travistaylor@example.net,(271)897-8897x7828,Troyfurt,RI,2023-05-20 06:24:02
296,Katie,Mitchell,johnsonbrandon@example.com,(590)556-1655x650,Lake Larry,CO,2024-07-20 08:53:18
297,Cameron,Torres,geoffrey85@example.org,869.786.4079x056,Port Tracyborough,MA,2022-06-26 00:45:24
298,Lisa,Contreras,christinacox@example.com,871.583.4404,Lake Meganville,OR,2021-09-07 01:35:28
299,Carlos,Solis,wsimmons@example.org,+1-948-446-8536x6498,Lake Jacquelineburgh,OK,2022-06-30 13:05:59
300,Donna,Holloway,oadams@example.net,+1-869-808-3572x324,Michelleland,SC,2021-01-06 16:43:39
301,Robert,Colon,jonathanburke@example.com,812.830.3477,East Erikberg,AK,2021-04-16 19:59:00
302,Linda,Hopkins,dawnwilliams@example.net,500.315.9416x5162,New Elizabethshire,WI,2024-08-28 00:29:37
303,Johnathan,Wilkerson,carolmejia@example.com,296-936-3212x34764,Hollyville,MD,2022-09-23 12:43:49
304,Thomas,Sanchez,natasha25@example.com,001-754-309-0034x864,Port Scott,AL,2024-07-19 06:35:51
305,Phillip,Spence,kevin34@example.org,(875)760-4177,Mcdowellville,GU,2020-10-19 18:53:12
306,Jose,Jones,jguzman@example.net,370-402-7206x34591,New Jennifer,WI,2024-02-25 17:09:05
307,Kathryn,Bradford,usparks@example.com,824.529.5431x6526,North Sandrabury,PW,2020-06-11 11:18:33
308,Steven,Green,brandonwilliamson@example.net,321-552-9108x677,East Sophia,GU,2023-11-29 03:42:43
309,Keith,Snyder,ryanclark@example.org,736-926-2044x3973,North Taylormouth,UT,2021-12-26 22:26:16
310,Jason,Reyes,qfitzgerald@example.org,280-205-3759,Williamfurt,ME,2024-11-19 23:00:22
311,Emily,Anderson,carpenterjorge@example.net,457.921.5862x4150,Juliechester,LA,2024-07-06 11:59:10
312,Jose,Gallegos,zachary62@example.com,001-672-487-0320x3207,Grahamfort,AZ,2022-03-17 05:09:31
313,Vanessa,Hoffman,uvasquez@example.org,551-234-2284,South Samantha,IA,2023-11-03 19:56:17
314,Erica,Clay,mitchelltina@example.org,(259)715-2017x7749,Lake Cindymouth,MD,2024-09-25 23:39:49
315,Zoe,Meadows,jasonwilliams@example.net,350-218-9616x4236,East Paul,MO,2021-06-04 07:01:49
316,Karen,Valdez,evanslaurie@example.net,892-351-5837x7674,Shepherdburgh,NE,2023-02-25 15:11:40
317,Christopher,Palmer,prhodes@example.net,001-427-488-1476x174,Mckenziehaven,NE,2021-06-23 13:11:13
318,Brandon,Jones,palmerwilliam@example.com,279-345-4918,Whiteburgh,MP,2021-12-18 12:57:44
319,Christopher,Mcdowell,lee77@example.net,252-832-1941x680,North Georgefort,NH,2023-06-17 05:42:58
320,Misty,Church,nturner@example.com,001-564-912-2031x030,Lake John,MP,2023-02-17 04:24:58
321,Kristy,Lee,kayla27@example.com,5125277707,Ashleyfurt,AR,2021-09-01 14:38:41
322,Curtis,Abbott,fpetty@example.net,001-998-540-7678,New Andrewshire,MD,2022-10-07 05:52:37
323,Joseph,Wong,nwilson@example.net,(576)702-4375x738,Andersonport,VA,2023-07-22 23:44:39
324,Susan,Whitaker,laura29@example.org,517-522-3297x1674,North Michaelview,MI,2023-05-21 01:41:11
325,Gregg,Villarreal,romanmatthew@example.org,+1-431-383-7455x084,South Laurenville,CT,2023-11-28 07:08:04
326,Chelsea,Garrison,colonbobby@example.org,(313)452-4787,Matthewberg,DE,2024-03-29 12:49:52
327,Scott,Perry,sanchezlisa@example.com,482-814-5653x2863,Hardinmouth,PR,2022-07-31 11:59:22
328,Evelyn,Acevedo,athomas@example.net,611.855.6260x60290,Blackwellside,VI,2021-07-09 16:39:07
329,Julia,Blankenship,wilcoxrachel@example.net,(867)538-9975,Christopherside,MA,2021-12-13 03:04:36
330,Jennifer,Hobbs,jason88@example.com,752.600.8943x46810,Davidville,NV,2021-06-28 01:50:52
331,Jillian,Chavez,lindazhang@example.net,001-389-735-4492x683,Port Kimberly,NH,2020-06-27 22:13:07
332,Jennifer,Poole,davisroger@example.org,937.815.8698x8649,Barkerfort,VA,2024-11-12 04:41:35
333,Madison,Thomas,toddellis@example.net,381.737.7028x51961,Billyberg,DE,2021-11-09 07:11:07
334,Vickie,Turner,jjohnson@example.org,001-360-744-3270,Port Bradleyfort,OK,2021-07-19 12:22:30
335,Shaun,Morgan,ualvarez@example.net,(828)877-7251,South Matthew,AZ,2024-10-15 10:52:32
336,Pamela,Fitzgerald,clinejasmine@example.net,+1-548-918-1398x9098,North Dominiqueside,HI,2024-10-23 07:11:57
337,Joshua,Harris,imiller@example.net,669-307-0562x60856,North Amberport,FL,2020-11-29 13:16:58
338,Kayla,Moore,dgregory@example.net,220-504-6152x65461,Port Carla,IA,2022-06-19 04:19:51
339,Karen,Cruz,adamslucas@example.net,(617)806-3048x91382,Millerhaven,IL,2023-11-30 13:00:09
340,Douglas,Fernandez,kimberlymedina@example.com,+1-270-907-9420,Carlafurt,MI,2024-03-18 07:01:56
341,Jason,Pittman,brandon89@example.org,616-912-8463x9855,Johnmouth,MA,2021-01-19 14:22:53
342,Susan,Murphy,deborahsmith@example.com,3022687681,Chambersstad,GU,2021-11-18 06:19:17
343,Carolyn,Hughes,martinezmitchell@example.org,903.704.5319x433,West Trevorborough,AL,2020-12-24 01:18:27
344,Lori,Foster,ashley72@example.net,499.692.1921,New Jessica,KY,2020-12-16 07:42:08
345,Erica,Braun,erin70@example.com,+1-505-266-4187x7580,Samanthaside,NV,2021-07-31 10:59:16
346,Philip,Cook,mooneyjeremiah@example.net,(713)632-5411x07609,North Thomas,MA,2024-02-29 04:14:50
347,Lorraine,Stone,sherryparsons@example.net,217.991.1006x512,West Cherylchester,CA,2020-07-04 22:29:31
348,Brian,Williams,nmorales@example.com,399.707.6769,South Zacharyshire,ID,2020-07-16 05:16:50
349,Alexander,Reeves,rebeccamartinez@example.net,656-879-7232x002,Larryside,WI,2020-09-22 21:51:22
350,Terrance,Morrison,miguel08@example.net,+1-520-938-8065x33315,Greenemouth,PR,2022-11-22 04:16:21
351,Sylvia,Jensen,gmurphy@example.com,5739033793,Lindsayfurt,IL,2021-12-31 23:17:52
352,Margaret,Smith,jonesanthony@example.org,(547)639-5003,East Nicole,VA,2020-11-14 05:50:41
353,Melanie,Sanchez,andrewcameron@example.org,7267153473,New Tiffany,RI,2024-05-28 22:02:02
354,Natalie,Jones,nicoleanderson@example.org,586.655.9630,West John,SC,2023-12-23 18:53:48
355,Monique,York,fclark@example.com,+1-991-928-6857x87255,Adamsfurt,SC,2024-08-09 02:01:16
356,Brandy,Johnson,patriciahayes@example.org,(634)966-9254x8121,Jerryton,NH,2022-07-24 09:22:25
357,Matthew,Hayes,zortiz@example.com,346-602-7341x51488,North David,MN,2020-03-10 21:38:36
358,James,Gonzalez,john43@example.net,+1-928-440-4456x690,Perezborough,NJ,2021-03-02 18:41:06
359,Brenda,Tran,dsharp@example.com,253-766-3778,New Morgan,ME,2024-09-18 13:32:44
360,Alec,Cochran,matthew66@example.net,001-868-845-9090x22599,South Bryce,MS,2020-12-09 21:45:15
361,Daniel,Hudson,tfowler@example.org,(518)320-9702,Campbellbury,LA,2023-04-19 08:59:27
362,Chad,Brown,jacksonmichele@example.com,(821)928-6716x3234,New Barbara,ME,2022-12-08 18:14:50
363,Wayne,Cohen,james27@example.org,(993)785-9777x9014,Peterburgh,MT,2021-03-30 22:05:03
364,Rachel,Quinn,qcruz@example.org,001-991-860-3248x413,West Charlesville,NY,2023-10-31 16:48:31
365,Mark,Hayes,jared07@example.org,676-356-3600,West Ellen,NH,2022-06-04 04:05:19
366,Carlos,Kelley,jenniferkim@example.com,322-209-1241x862,Ericstad,HI,2021-01-30 15:27:09
367,Austin,Leonard,scottwilliams@example.net,516.347.0900x63353,South Anthonytown,MA,2024-02-07 06:45:19
368,Erin,Brown,roblesmaria@example.org,001-820-868-1558x3938,East Jasonstad,MD,2020-11-13 00:47:28
369,Richard,Stewart,olewis@example.org,+1-449-650-1364x97189,New Markfurt,TX,2024-08-15 05:37:41
370,Kelsey,Anderson,cynthiahenson@example.com,+1-571-250-9976x83890,West Joelchester,WV,2021-03-20 17:08:53
371,Christopher,Taylor,jphillips@example.com,203.897.5245,Karenbury,PR,2023-08-31 05:25:55
372,Matthew,Harris,knoxelizabeth@example.org,+1-439-568-5270x17130,North Glenn,OH,2024-02-26 19:25:25
373,Sarah,Young,simmonsstuart@example.org,001-933-362-9344x9734,Raymondburgh,NJ,2022-03-16 22:51:53
374,William,Moss,lorileon@example.org,001-966-614-9828x24674,Hartfort,CA,2021-08-31 11:39:10
375,Jennifer,Gonzalez,adamhensley@example.net,001-257-366-6567x4916,Frederickburgh,ID,2023-10-25 03:33:29
376,Susan,Wise,william75@example.net,4666337050,Blackburnberg,KS,2021-03-27 18:42:22
377,Beth,Bates,alexanderwise@example.net,001-866-691-8362x644,Goodwinland,CT,2023-03-07 15:57:47
378,Kimberly,Cooper,josephclark@example.net,(440)427-0116x8646,Jacobberg,ID,2022-06-07 07:06:59
379,Wayne,Rodriguez,jacobbrown@example.org,001-334-767-9121x41614,New Jimmyfort,TX,2023-10-20 17:37:27
380,Albert,Adams,ortegakristina@example.org,938-706-9847,Rogersmouth,MD,2024-01-31 13:30:40
381,Shelley,Ortega,wbishop@example.com,607-562-0918,Shannonfort,NY,2022-01-24 08:51:35
382,Jacob,Andersen,allen50@example.net,573-497-6915x67164,East Tylerland,ME,2024-02-28 21:05:11
383,Wendy,Archer,cjackson@example.org,683.533.2116x0256,Elizabethville,TN,2020-09-04 21:23:23
384,Amanda,Swanson,popemarvin@example.org,001-591-656-6863,West Christopherland,MA,2023-09-14 07:13:52
385,Sharon,Garner,berrydavid@example.com,(590)340-9836x6552,Smithmouth,MD,2020-09-21 05:22:02
386,Sherri,Hood,jfrazier@example.net,620-895-4814x9737,Port Masonborough,PR,2023-08-30 20:00:31
387,Lisa,Graves,leblanckimberly@example.com,001-364-620-8656x7566,Heatherborough,UT,2024-04-12 12:23:50
388,Phillip,Anderson,hornjenna@example.com,+1-329-427-7423x3305,Clementschester,TX,2024-03-16 20:54:42
389,Sara,Davis,dwhite@example.org,459.862.6301x36749,Port Stevenfurt,KY,2023-02-28 15:23:02
390,Sean,Smith,millertracy@example.net,630.499.9741x92676,West Bryanside,HI,2022-01-10 03:12:16
391,Jaclyn,Long,lbrown@example.net,001-213-412-9208x751,Lake Evan,OH,2021-04-13 20:16:17
392,Karen,Miller,huntermichael@example.net,(960)434-0848,Nealhaven,PW,2024-12-05 11:19:10
393,Michael,Medina,haileybates@example.org,503.724.3298,Davidchester,CA,2022-10-01 00:33:55
394,Jorge,Santos,ricardomiller@example.com,+1-462-783-1435x98926,Graybury,CA,2021-05-08 05:58:05
395,Amanda,Sutton,ojones@example.org,(354)423-4016x361,Briannafort,CT,2022-08-23 21:08:53
396,Jackie,Grimes,catherine02@example.com,001-462-458-8967x92408,South Ashley,KY,2020-04-06 12:44:21
397,Jessica,Villegas,erikabarnes@example.com,(575)678-4468,West Richardmouth,PR,2020-06-13 14:19:16
398,Christopher,Blair,martinbrian@example.net,287-506-8277x8816,Lake Ronaldside,WA,2021-09-22 01:56:12
399,Virginia,Guerrero,lawsontami@example.net,001-783-321-5285x06762,Robinbury,MP,2022-09-11 10:22:42
400,Katie,Wilson,timothy43@example.org,001-996-734-8079x7050,Michaeltown,MI,2024-06-13 11:57:41
401,Jacob,Gomez,jordanjames@example.net,826.417.0243x76545,Danielmouth,TN,2024-03-12 16:00:04
402,Evan,Gomez,tsmith@example.org,434-502-6650,Moyerview,DE,2022-02-07 22:04:53
403,Andrea,Marsh,markduran@example.com,862.211.0225x80305,Castilloport,NM,2020-05-30 20:30:54
404,Roy,Williamson,johnwang@example.com,001-536-337-1892x392,South Benjamin,ID,2024-08-23 12:48:19
405,Ronald,Jensen,linomar@example.net,733-656-7086x0414,Jenniferbury,MD,2024-06-22 11:08:08
406,Hunter,Smith,jason74@example.net,362-247-5541,West Michael,AS,2021-10-21 21:20:04
407,Kimberly,Rice,gmiller@example.org,+1-691-909-3371x1895,New Jennifer,AZ,2020-08-21 10:06:25
408,Robert,Dawson,patricia71@example.com,476-688-0294,New Bruceborough,WA,2024-01-27 08:06:58
409,Troy,Patel,martinkaren@example.com,+1-566-294-3202,Gordonhaven,KS,2021-07-08 00:38:50
410,Jeffrey,Erickson,jacksonbrandon@example.org,702-742-4033x8105,Lake Nicoleview,VA,2020-08-31 23:23:41
411,Rachel,Phillips,garrettalex@example.com,642.540.8916,Walkerview,IL,2022-11-28 02:50:03
412,Lindsey,Mullins,seanblair@example.com,(427)617-2722x397,West Frankburgh,GU,2021-12-20 19:18:14
413,Cathy,Jones,simmonsspencer@example.net,(418)520-9166x0100,West Douglastown,WY,2024-10-30 13:47:38
414,Susan,Rodriguez,melissa13@example.org,397.224.5723x0848,North Amyville,NY,2024-06-06 16:05:08
415,Robert,Smith,andrewsimmons@example.org,(343)761-7213x145,West Sandraland,MH,2020-03-20 03:37:53
416,Edward,Patterson,carol62@example.net,+1-749-445-1475x41022,Griffinfort,GU,2020-05-02 21:57:09
417,Becky,Moyer,duane52@example.org,001-965-957-6769x52366,South Christopher,VT,2022-02-09 06:44:58
418,Becky,Steele,jacquelineyoung@example.org,705.487.2105,Stevenside,PW,2022-02-07 21:16:37
419,Jason,Walker,daviddominguez@example.org,(706)450-1917x9202,East Chrisshire,MP,2024-01-25 20:04:55
420,Edward,White,kaitlinhale@example.com,465.270.4120x0928,Wallmouth,OH,2023-07-23 00:41:24
421,Jonathan,Armstrong,jenna62@example.com,886-423-6903,Port Heatherfort,MD,2023-04-06 19:55:21
422,Richard,James,prattdeborah@example.org,311-315-9503x428,New Alex,PW,2021-07-18 10:52:47
423,Andrea,Little,allenchristopher@example.net,001-209-770-0514,Susanhaven,ID,2021-07-28 05:26:25
424,Peter,Kelly,jacquelinedavis@example.com,001-481-982-0967x9042,Lake Christopherbury,FM,2021-01-28 18:31:21
425,Erin,Thomas,victoriamason@example.net,+1-585-572-5459x606,East Ashleyfort,CT,2024-01-09 10:19:54
426,Douglas,Harrell,portershawn@example.org,621-949-5511x2747,North Teresa,NM,2020-03-13 07:06:28
427,Michele,Morales,scotthunt@example.net,351-668-7409x03802,Moorefurt,PR,2020-05-13 06:13:03
428,Paul,Ford,baileytaylor@example.net,711.921.6636x515,Lake Judith,DE,2021-05-23 07:30:31
429,Benjamin,Moore,nthomas@example.com,001-209-560-5673,Port Gabrielaview,KS,2023-03-06 18:21:35
430,Christopher,Jones,tmiller@example.com,(983)942-0165x42356,Lake Samuel,PW,2023-06-19 05:42:45
431,Paul,Smith,christiancontreras@example.net,(355)802-7275,Abigailtown,NV,2024-09-18 12:13:11
432,Meredith,Walters,johnsonjulie@example.org,(682)696-3533x90550,Lake Victormouth,MT,2022-01-19 08:47:29
433,Michael,Daniels,daniel27@example.com,(328)392-8664x649,North Debrachester,CT,2022-06-25 10:26:58
434,Karen,Ho,schultzwesley@example.org,+1-846-833-7861x37157,West Kimberlyhaven,LA,2021-05-03 15:42:10
435,Donna,Parker,anunez@example.com,4008258955,New Teresa,ID,2023-01-30 07:19:30
436,Phillip,Williams,oanderson@example.com,001-826-658-2631x2819,West James,CO,2020-02-16 19:39:26
437,Alexander,Carrillo,anthonyzimmerman@example.org,001-660-527-5233,Lake Kimberly,WY,2021-11-21 10:09:33
438,Jorge,Williams,donovancourtney@example.net,001-611-479-1124,North Troystad,PW,2024-03-10 18:21:18
439,Peter,Henry,gutierreztommy@example.net,236-465-7224,North Theresastad,NJ,2024-12-21 17:12:03
440,Carol,Smith,sara39@example.org,+1-208-782-3513,East Christopher,UT,2024-09-12 03:54:11
441,Joseph,Olson,baileyandrea@example.com,676.486.3423x461,Lake Tony,FM,2022-03-25 16:24:59
442,Caitlyn,Nelson,cindy96@example.com,695.851.7208,Cassandrahaven,MI,2021-12-28 07:23:29
443,Danny,Lamb,wgibbs@example.org,235-752-5105,South Ashley,MD,2024-06-29 02:33:21
444,Anna,Cruz,alisongarcia@example.com,001-991-296-6553x307,Robertville,NV,2020-11-08 12:01:38
445,Mark,Reyes,mitchelldawn@example.net,7742260880,South Codychester,VA,2021-07-03 14:56:53
446,Logan,Reed,hawkinslawrence@example.net,2645771591,Port Alexville,MD,2024-04-21 21:30:05
447,Jennifer,Perez,leerachel@example.com,+1-600-740-1041,Nelsonburgh,DC,2022-12-01 09:15:11
448,David,Flores,karenbarron@example.com,+1-371-688-3977x4573,Jenniferstad,OH,2024-03-05 16:47:48
449,John,Holland,heatherjones@example.com,7305376371,Kathleenport,VT,2022-04-09 01:03:30
450,Eric,Wagner,jefferycox@example.com,+1-483-963-1462x491,Lake Danieltown,MH,2022-04-21 12:09:03
451,Joseph,Alvarez,hbell@example.net,756-232-6868,Nelsonville,AR,2023-03-30 09:11:58
452,Jessica,Henderson,jaime29@example.com,697.586.1031x31009,New Craigbury,FM,2023-02-06 12:33:13
453,Jennifer,Myers,robinsonmadison@example.net,973-623-5494x012,East Leslie,CA,2020-10-31 07:04:13
454,Martin,Gibson,waderonnie@example.org,(241)920-9579,South Daniel,GU,2020-02-01 18:08:07
455,Erin,Roberts,aliciajackson@example.org,001-211-745-7758x47457,Jenniferhaven,WI,2023-04-27 08:22:34
456,Michelle,Anthony,rrodriguez@example.net,001-502-363-2570x3965,South Danielle,KY,2024-05-20 15:57:36
457,Erika,Nolan,harcher@example.org,755-369-6443x098,Popeshire,WY,2023-12-17 19:31:50
458,Keith,Montes,jho@example.com,+1-228-549-8247x41407,Margaretville,AR,2022-06-10 18:10:15
459,Adam,Bell,williamsdevin@example.com,782.514.2369x14307,Hendersonville,MH,2021-04-22 01:29:53
460,Kevin,Collins,ushelton@example.net,(334)626-8344,Gardnerfurt,WY,2024-05-18 10:22:58
461,Samuel,Taylor,gbenson@example.net,001-857-356-7667x080,New Rebecca,WY,2021-03-19 01:42:11
462,William,Martinez,brian62@example.com,+1-907-787-0104x15914,North Joyhaven,WA,2023-08-02 03:40:37
463,Jacqueline,Black,rtaylor@example.net,(244)407-9311,New Collinborough,CT,2022-05-15 01:17:13
464,Marissa,Wallace,howekevin@example.com,(438)249-7916,East Lori,TN,2021-03-15 11:38:36
465,William,Lyons,thomasroberts@example.net,897-854-6617,North Justin,DE,2022-10-27 05:53:56
466,Alex,Turner,wwilliams@example.org,374.402.5883x586,West Diana,OK,2021-09-11 13:05:31
467,Jennifer,Buchanan,kristen46@example.org,+1-776-879-2988x4259,North Anthonyburgh,IN,2020-06-25 06:47:17
468,Daniel,Villa,omorris@example.net,312.266.1094,South Kathryntown,HI,2021-08-09 10:28:53
469,Holly,Gray,jameshenry@example.net,433-226-8319x0130,Kimshire,ND,2024-04-27 13:27:37
470,Matthew,Fleming,nlee@example.net,385.459.8217x6619,Craigfort,IN,2020-04-04 00:00:57
471,Amber,Johnson,sandra46@example.net,(812)241-8938x984,New Thomasview,SD,2020-02-24 17:45:25
472,Matthew,Green,pamela02@example.org,+1-750-337-1990,Georgeland,FM,2022-10-03 21:39:36
473,Stacey,Nelson,garciatyler@example.org,+1-256-974-3000x3896,South Katieberg,NE,2023-07-04 15:25:37
474,Andrea,Wilson,princetoni@example.com,(235)260-3319x036,Port Brian,AR,2020-08-19 09:11:50
475,Henry,Williams,carrie34@example.org,+1-967-611-1483x753,Kimberlyport,VI,2023-04-08 13:17:20
476,Alison,Adams,brownrachel@example.net,+1-774-413-2834x831,East Hollymouth,DE,2020-02-08 20:59:51
477,Mary,Nelson,fevans@example.org,496-870-6670x336,Lake Kevinside,WV,2021-09-27 02:11:09
478,Anthony,Franklin,sandra49@example.org,001-605-496-6018x64876,Mcdonaldbury,DC,2024-07-15 11:35:48
479,Juan,Fleming,christopher38@example.com,796-609-4544x90149,South Steven,NV,2020-01-17 04:44:58
480,Benjamin,Howard,rickyriley@example.org,598-451-7244x472,Port Christine,AR,2021-02-28 20:38:15
481,Diamond,Lopez,criley@example.net,001-330-344-0580x935,Wilsonland,IA,2021-01-07 13:55:58
482,Ashley,Calderon,bjones@example.com,(605)295-5657,West Bradley,FL,2024-07-23 01:54:26
483,Anthony,Lynch,william89@example.net,(836)390-2611x398,New Thomashaven,NC,2022-03-16 07:08:49
484,Joseph,Huff,rhonda53@example.com,775.313.7651,Denisebury,NV,2023-12-06 18:59:33
485,Jerry,Carey,sarasanchez@example.com,+1-992-594-4551x16682,South Alexis,DE,2022-02-03 09:50:54
486,Kathy,Dawson,inewton@example.org,(602)312-8866x52683,Phyllismouth,OR,2023-01-16 14:11:09
487,Daniel,Bowen,rodgersmichael@example.com,(776)947-2298x12099,Floresburgh,NY,2023-08-12 08:17:39
488,Joshua,Mejia,kennethpeterson@example.net,689.786.4565x22036,West Justinville,LA,2021-05-15 01:08:11
489,Scott,Mcclure,sheila49@example.org,242.513.8820,South Marissatown,MN,2021-01-05 22:26:54
490,Shelly,Duncan,dmeyer@example.com,317-767-4124,Lake Lauraland,MD,2020-10-13 04:24:44
491,Matthew,Chavez,mannleroy@example.org,(618)953-8003x29633,South Lisa,VA,2022-06-26 00:32:16
492,David,Walters,tapiamercedes@example.net,206.817.8932,Christinashire,IA,2023-03-10 11:12:20
493,Todd,Sandoval,nataliepittman@example.com,+1-977-769-5874x13146,Lake Roger,HI,2022-04-28 14:35:14
494,Luis,Wilson,xbush@example.com,696.730.4483x6085,Myersmouth,NE,2021-12-28 23:43:51
495,Rita,Adams,matthewcardenas@example.com,263.292.8319x952,Davismouth,PW,2021-10-06 00:45:09
496,Katie,Brown,stonemichael@example.org,(586)534-2556,North Meganhaven,CT,2022-07-04 17:42:22
497,Lacey,Williams,kevin33@example.org,216-462-4111x860,Lake Briannafurt,ID,2024-02-27 06:24:59
498,Michele,Glover,bhunt@example.com,873-614-9764x613,Mitchellside,NY,2021-03-22 15:57:56
499,Andre,Crawford,wbean@example.net,001-317-639-0637x579,Douglasland,CT,2022-10-21 04:14:34
500,Jared,Mcmahon,christopherpowell@example.com,893.207.4645x20599,Hannahside,WY,2022-06-11 09:58:01
